<?xml version="1.0" encoding="UTF-8"?>
<rss xmlns:iphoto="urn:iphoto:property" xmlns:iweb="http://www.apple.com/iweb" version="2.0">
  <channel>
    <title>Klikkaa kohde suuremmaksi ja etene nuolilla.
Klikkaamalla download saat kuvan isommaksi.

Tässä 2010 talot, kaikki eivät välttämättä mukana 2011,
uusia kohteita tulossa</title>
    <link>file://localhost/Users/minervaoconnor/Desktop/Julkaistut/LoviisanWanhatTalot/Wanhat_Talot.html</link>
    <description>Klikkaa kohde suuremmaksi ja etene nuolilla.
Klikkaamalla download saat kuvan isommaksi.

Tässä 2010 talot, kaikki eivät välttämättä mukana 2011,
uusia kohteita tulossa</description>
    <item>
      <title>
MYLLYKYLÄNTIE 13, TESJOKI</title>
      <link>file://localhost/Users/minervaoconnor/Desktop/Julkaistut/LoviisanWanhatTalot/Wanhat_Talot.html#0</link>
      <guid isPermaLink="false">520f4543-1bda-4214-98c8-9a8a86603e1f</guid>
      <enclosure url="file://localhost/Users/minervaoconnor/Desktop/Julkaistut/LoviisanWanhatTalot/Wanhat_Talot_files/Media/MyllyKARTANO/MyllyKARTANO.jpg" length="143253" type="image/jpeg"/>
      <iphoto:thumbnail>file://localhost/Users/minervaoconnor/Desktop/Julkaistut/LoviisanWanhatTalot/Wanhat_Talot_files/Media/MyllyKARTANO/thumb.jpg</iphoto:thumbnail>
      <iweb:micro>file://localhost/Users/minervaoconnor/Desktop/Julkaistut/LoviisanWanhatTalot/Wanhat_Talot_files/Media/MyllyKARTANO/micro.jpg</iweb:micro>
      <iweb:richTitle>&lt;div style=&quot;padding: 0px; &quot; class=&quot;image_cluster_layout_style_default_External_309_48&quot;&gt;&lt;div class=&quot;image_cluster_layout_style_default&quot;&gt;&lt;p style=&quot;padding-top: 0pt; &quot; class=&quot;Caption&quot;&gt;&lt;br/&gt;&lt;/p&gt;&lt;p style=&quot;padding-bottom: 0pt; &quot; class=&quot;Caption&quot;&gt;MYLLYKYLÄNTIE 13, TESJOKI&lt;/p&gt;&lt;/div&gt;&lt;/div&gt;</iweb:richTitle>
    </item>
    <item>
      <title>
MYLLÄRINTIE 2, RUUKKI</title>
      <link>file://localhost/Users/minervaoconnor/Desktop/Julkaistut/LoviisanWanhatTalot/Wanhat_Talot.html#1</link>
      <guid isPermaLink="false">c8cce79b-2fc6-49b3-9631-ad44979a0e2e</guid>
      <enclosure url="file://localhost/Users/minervaoconnor/Desktop/Julkaistut/LoviisanWanhatTalot/Wanhat_Talot_files/Media/Sepantalo/Sepantalo.jpg" length="129299" type="image/jpeg"/>
      <iphoto:thumbnail>file://localhost/Users/minervaoconnor/Desktop/Julkaistut/LoviisanWanhatTalot/Wanhat_Talot_files/Media/Sepantalo/thumb.jpg</iphoto:thumbnail>
      <iweb:micro>file://localhost/Users/minervaoconnor/Desktop/Julkaistut/LoviisanWanhatTalot/Wanhat_Talot_files/Media/Sepantalo/micro.jpg</iweb:micro>
      <iweb:richTitle>&lt;div style=&quot;padding: 0px; &quot; class=&quot;image_cluster_layout_style_default_External_309_48&quot;&gt;&lt;div class=&quot;image_cluster_layout_style_default&quot;&gt;&lt;p style=&quot;padding-top: 0pt; &quot; class=&quot;Caption&quot;&gt;&lt;br/&gt;&lt;/p&gt;&lt;p style=&quot;padding-bottom: 0pt; &quot; class=&quot;Caption&quot;&gt;MYLLÄRINTIE 2, RUUKKI&lt;/p&gt;&lt;/div&gt;&lt;/div&gt;</iweb:richTitle>
    </item>
    <item>
      <title>
EDÖNTIE 126 as 2, ISNÄS</title>
      <link>file://localhost/Users/minervaoconnor/Desktop/Julkaistut/LoviisanWanhatTalot/Wanhat_Talot.html#2</link>
      <guid isPermaLink="false">188bd43b-b41e-47aa-9c20-a7d6d28104a2</guid>
      <enclosure url="file://localhost/Users/minervaoconnor/Desktop/Julkaistut/LoviisanWanhatTalot/Wanhat_Talot_files/Media/Kuusikallio/Kuusikallio.jpg" length="148819" type="image/jpeg"/>
      <iphoto:thumbnail>file://localhost/Users/minervaoconnor/Desktop/Julkaistut/LoviisanWanhatTalot/Wanhat_Talot_files/Media/Kuusikallio/thumb.jpg</iphoto:thumbnail>
      <iweb:micro>file://localhost/Users/minervaoconnor/Desktop/Julkaistut/LoviisanWanhatTalot/Wanhat_Talot_files/Media/Kuusikallio/micro.jpg</iweb:micro>
      <iweb:richTitle>&lt;div style=&quot;padding: 0px; &quot; class=&quot;image_cluster_layout_style_default_External_309_48&quot;&gt;&lt;div class=&quot;image_cluster_layout_style_default&quot;&gt;&lt;p style=&quot;padding-top: 0pt; &quot; class=&quot;Caption&quot;&gt;&lt;br/&gt;&lt;/p&gt;&lt;p style=&quot;padding-bottom: 0pt; &quot; class=&quot;Caption&quot;&gt;EDÖNTIE 126 as 2, ISNÄS&lt;/p&gt;&lt;/div&gt;&lt;/div&gt;</iweb:richTitle>
    </item>
    <item>
      <title>
EDÖNTIE 130, ISNÄS</title>
      <link>file://localhost/Users/minervaoconnor/Desktop/Julkaistut/LoviisanWanhatTalot/Wanhat_Talot.html#3</link>
      <guid isPermaLink="false">4430f3aa-0b56-49e9-9aa0-3c49b09e18ed</guid>
      <enclosure url="file://localhost/Users/minervaoconnor/Desktop/Julkaistut/LoviisanWanhatTalot/Wanhat_Talot_files/Media/Pomola1/Pomola1.jpg" length="134428" type="image/jpeg"/>
      <iphoto:thumbnail>file://localhost/Users/minervaoconnor/Desktop/Julkaistut/LoviisanWanhatTalot/Wanhat_Talot_files/Media/Pomola1/thumb.jpg</iphoto:thumbnail>
      <iweb:micro>file://localhost/Users/minervaoconnor/Desktop/Julkaistut/LoviisanWanhatTalot/Wanhat_Talot_files/Media/Pomola1/micro.jpg</iweb:micro>
      <iweb:richTitle>&lt;div style=&quot;padding: 0px; &quot; class=&quot;image_cluster_layout_style_default_External_309_48&quot;&gt;&lt;div class=&quot;image_cluster_layout_style_default&quot;&gt;&lt;p style=&quot;padding-top: 0pt; &quot; class=&quot;Caption&quot;&gt;&lt;br/&gt;&lt;/p&gt;&lt;p style=&quot;padding-bottom: 0pt; &quot; class=&quot;Caption&quot;&gt;EDÖNTIE 130, ISNÄS&lt;/p&gt;&lt;/div&gt;&lt;/div&gt;</iweb:richTitle>
    </item>
    <item>
      <title>
EDÖNTIE 130, ISNÄS</title>
      <link>file://localhost/Users/minervaoconnor/Desktop/Julkaistut/LoviisanWanhatTalot/Wanhat_Talot.html#4</link>
      <guid isPermaLink="false">f71bbd86-475f-45a4-992d-63770cfbb464</guid>
      <enclosure url="file://localhost/Users/minervaoconnor/Desktop/Julkaistut/LoviisanWanhatTalot/Wanhat_Talot_files/Media/Lansipuro/Lansipuro.jpg" length="142187" type="image/jpeg"/>
      <iphoto:thumbnail>file://localhost/Users/minervaoconnor/Desktop/Julkaistut/LoviisanWanhatTalot/Wanhat_Talot_files/Media/Lansipuro/thumb.jpg</iphoto:thumbnail>
      <iweb:micro>file://localhost/Users/minervaoconnor/Desktop/Julkaistut/LoviisanWanhatTalot/Wanhat_Talot_files/Media/Lansipuro/micro.jpg</iweb:micro>
      <iweb:richTitle>&lt;div style=&quot;padding: 0px; &quot; class=&quot;image_cluster_layout_style_default_External_309_48&quot;&gt;&lt;div class=&quot;image_cluster_layout_style_default&quot;&gt;&lt;p style=&quot;padding-top: 0pt; &quot; class=&quot;Caption&quot;&gt;&lt;br/&gt;&lt;/p&gt;&lt;p style=&quot;padding-bottom: 0pt; &quot; class=&quot;Caption&quot;&gt;EDÖNTIE 130, ISNÄS&lt;/p&gt;&lt;/div&gt;&lt;/div&gt;</iweb:richTitle>
    </item>
    <item>
      <title>
EDÖNTIE 134, ISNÄS</title>
      <link>file://localhost/Users/minervaoconnor/Desktop/Julkaistut/LoviisanWanhatTalot/Wanhat_Talot.html#5</link>
      <guid isPermaLink="false">fa0cddb3-2409-4825-87f4-ac991c3f1fd0</guid>
      <enclosure url="file://localhost/Users/minervaoconnor/Desktop/Julkaistut/LoviisanWanhatTalot/Wanhat_Talot_files/Media/katajapuro/katajapuro.jpg" length="136507" type="image/jpeg"/>
      <iphoto:thumbnail>file://localhost/Users/minervaoconnor/Desktop/Julkaistut/LoviisanWanhatTalot/Wanhat_Talot_files/Media/katajapuro/thumb.jpg</iphoto:thumbnail>
      <iweb:micro>file://localhost/Users/minervaoconnor/Desktop/Julkaistut/LoviisanWanhatTalot/Wanhat_Talot_files/Media/katajapuro/micro.jpg</iweb:micro>
      <iweb:richTitle>&lt;div style=&quot;padding: 0px; &quot; class=&quot;image_cluster_layout_style_default_External_309_48&quot;&gt;&lt;div class=&quot;image_cluster_layout_style_default&quot;&gt;&lt;p style=&quot;padding-top: 0pt; &quot; class=&quot;Caption&quot;&gt;&lt;br/&gt;&lt;/p&gt;&lt;p style=&quot;padding-bottom: 0pt; &quot; class=&quot;Caption&quot;&gt;EDÖNTIE 134, ISNÄS&lt;/p&gt;&lt;/div&gt;&lt;/div&gt;</iweb:richTitle>
    </item>
    <item>
      <title>
KUHLEFELTINKATU 9</title>
      <link>file://localhost/Users/minervaoconnor/Desktop/Julkaistut/LoviisanWanhatTalot/Wanhat_Talot.html#6</link>
      <guid isPermaLink="false">99a3b363-c7ad-4a03-bb07-9baa8b83d1cb</guid>
      <enclosure url="file://localhost/Users/minervaoconnor/Desktop/Julkaistut/LoviisanWanhatTalot/Wanhat_Talot_files/Media/Kuhlefelt/Kuhlefelt.jpg" length="143087" type="image/jpeg"/>
      <iphoto:thumbnail>file://localhost/Users/minervaoconnor/Desktop/Julkaistut/LoviisanWanhatTalot/Wanhat_Talot_files/Media/Kuhlefelt/thumb.jpg</iphoto:thumbnail>
      <iweb:micro>file://localhost/Users/minervaoconnor/Desktop/Julkaistut/LoviisanWanhatTalot/Wanhat_Talot_files/Media/Kuhlefelt/micro.jpg</iweb:micro>
      <iweb:richTitle>&lt;div style=&quot;padding: 0px; &quot; class=&quot;image_cluster_layout_style_default_External_309_48&quot;&gt;&lt;div class=&quot;image_cluster_layout_style_default&quot;&gt;&lt;p style=&quot;padding-top: 0pt; &quot; class=&quot;Caption&quot;&gt;&lt;br/&gt;&lt;/p&gt;&lt;p style=&quot;padding-bottom: 0pt; &quot; class=&quot;Caption&quot;&gt;KUHLEFELTINKATU 9&lt;/p&gt;&lt;/div&gt;&lt;/div&gt;</iweb:richTitle>
    </item>
    <item>
      <title>
KUHLEFELTINKATU 8</title>
      <link>file://localhost/Users/minervaoconnor/Desktop/Julkaistut/LoviisanWanhatTalot/Wanhat_Talot.html#7</link>
      <guid isPermaLink="false">91fe971f-4442-480a-9c59-e95389352361</guid>
      <enclosure url="file://localhost/Users/minervaoconnor/Desktop/Julkaistut/LoviisanWanhatTalot/Wanhat_Talot_files/Media/kuninkaanlampi1/kuninkaanlampi1.jpg" length="125061" type="image/jpeg"/>
      <iphoto:thumbnail>file://localhost/Users/minervaoconnor/Desktop/Julkaistut/LoviisanWanhatTalot/Wanhat_Talot_files/Media/kuninkaanlampi1/thumb.jpg</iphoto:thumbnail>
      <iweb:micro>file://localhost/Users/minervaoconnor/Desktop/Julkaistut/LoviisanWanhatTalot/Wanhat_Talot_files/Media/kuninkaanlampi1/micro.jpg</iweb:micro>
      <iweb:richTitle>&lt;div style=&quot;padding: 0px; &quot; class=&quot;image_cluster_layout_style_default_External_309_48&quot;&gt;&lt;div class=&quot;image_cluster_layout_style_default&quot;&gt;&lt;p style=&quot;padding-top: 0pt; &quot; class=&quot;Caption&quot;&gt;&lt;br/&gt;&lt;/p&gt;&lt;p style=&quot;padding-bottom: 0pt; &quot; class=&quot;Caption&quot;&gt;KUHLEFELTINKATU 8&lt;/p&gt;&lt;/div&gt;&lt;/div&gt;</iweb:richTitle>
    </item>
    <item>
      <title>
KARTTUHUONEENKATU 2</title>
      <link>file://localhost/Users/minervaoconnor/Desktop/Julkaistut/LoviisanWanhatTalot/Wanhat_Talot.html#8</link>
      <guid isPermaLink="false">73d02311-f4b0-42fd-b6a7-dc900408e805</guid>
      <enclosure url="file://localhost/Users/minervaoconnor/Desktop/Julkaistut/LoviisanWanhatTalot/Wanhat_Talot_files/Media/viinatorni/viinatorni.jpg" length="118781" type="image/jpeg"/>
      <iphoto:thumbnail>file://localhost/Users/minervaoconnor/Desktop/Julkaistut/LoviisanWanhatTalot/Wanhat_Talot_files/Media/viinatorni/thumb.jpg</iphoto:thumbnail>
      <iweb:micro>file://localhost/Users/minervaoconnor/Desktop/Julkaistut/LoviisanWanhatTalot/Wanhat_Talot_files/Media/viinatorni/micro.jpg</iweb:micro>
      <iweb:richTitle>&lt;div style=&quot;padding: 0px; &quot; class=&quot;image_cluster_layout_style_default_External_309_48&quot;&gt;&lt;div class=&quot;image_cluster_layout_style_default&quot;&gt;&lt;p style=&quot;padding-top: 0pt; &quot; class=&quot;Caption&quot;&gt;&lt;br/&gt;&lt;/p&gt;&lt;p style=&quot;padding-bottom: 0pt; &quot; class=&quot;Caption&quot;&gt;KARTTUHUONEENKATU 2&lt;/p&gt;&lt;/div&gt;&lt;/div&gt;</iweb:richTitle>
    </item>
    <item>
      <title>
ITÄINEN TULLIKATU 20</title>
      <link>file://localhost/Users/minervaoconnor/Desktop/Julkaistut/LoviisanWanhatTalot/Wanhat_Talot.html#9</link>
      <guid isPermaLink="false">ef674cec-ed0f-4eb0-aad3-abaf0be0381e</guid>
      <enclosure url="file://localhost/Users/minervaoconnor/Desktop/Julkaistut/LoviisanWanhatTalot/Wanhat_Talot_files/Media/VanhaKauppa1/VanhaKauppa1.jpg" length="124912" type="image/jpeg"/>
      <iphoto:thumbnail>file://localhost/Users/minervaoconnor/Desktop/Julkaistut/LoviisanWanhatTalot/Wanhat_Talot_files/Media/VanhaKauppa1/thumb.jpg</iphoto:thumbnail>
      <iweb:micro>file://localhost/Users/minervaoconnor/Desktop/Julkaistut/LoviisanWanhatTalot/Wanhat_Talot_files/Media/VanhaKauppa1/micro.jpg</iweb:micro>
      <iweb:richTitle>&lt;div style=&quot;padding: 0px; &quot; class=&quot;image_cluster_layout_style_default_External_309_48&quot;&gt;&lt;div class=&quot;image_cluster_layout_style_default&quot;&gt;&lt;p style=&quot;padding-top: 0pt; &quot; class=&quot;Caption&quot;&gt;&lt;br/&gt;&lt;/p&gt;&lt;p style=&quot;padding-bottom: 0pt; &quot; class=&quot;Caption&quot;&gt;ITÄINEN TULLIKATU 20&lt;/p&gt;&lt;/div&gt;&lt;/div&gt;</iweb:richTitle>
    </item>
    <item>
      <title>
KAPPELINPUISTO</title>
      <link>file://localhost/Users/minervaoconnor/Desktop/Julkaistut/LoviisanWanhatTalot/Wanhat_Talot.html#10</link>
      <guid isPermaLink="false">fb890c91-714c-4af7-9882-7b870af4f5eb</guid>
      <enclosure url="file://localhost/Users/minervaoconnor/Desktop/Julkaistut/LoviisanWanhatTalot/Wanhat_Talot_files/Media/KAppeli/KAppeli.jpg" length="146340" type="image/jpeg"/>
      <iphoto:thumbnail>file://localhost/Users/minervaoconnor/Desktop/Julkaistut/LoviisanWanhatTalot/Wanhat_Talot_files/Media/KAppeli/thumb.jpg</iphoto:thumbnail>
      <iweb:micro>file://localhost/Users/minervaoconnor/Desktop/Julkaistut/LoviisanWanhatTalot/Wanhat_Talot_files/Media/KAppeli/micro.jpg</iweb:micro>
      <iweb:richTitle>&lt;div style=&quot;padding: 0px; &quot; class=&quot;image_cluster_layout_style_default_External_309_48&quot;&gt;&lt;div class=&quot;image_cluster_layout_style_default&quot;&gt;&lt;p style=&quot;padding-top: 0pt; &quot; class=&quot;Caption&quot;&gt;&lt;br/&gt;&lt;/p&gt;&lt;p style=&quot;padding-bottom: 0pt; &quot; class=&quot;Caption&quot;&gt;KAPPELINPUISTO&lt;/p&gt;&lt;/div&gt;&lt;/div&gt;</iweb:richTitle>
    </item>
    <item>
      <title>
SIBELIUKSENKATU 6</title>
      <link>file://localhost/Users/minervaoconnor/Desktop/Julkaistut/LoviisanWanhatTalot/Wanhat_Talot.html#11</link>
      <guid isPermaLink="false">f038546f-9043-4a8e-bed8-19926da5249f</guid>
      <enclosure url="file://localhost/Users/minervaoconnor/Desktop/Julkaistut/LoviisanWanhatTalot/Wanhat_Talot_files/Media/Helgas1/Helgas1.jpg" length="111672" type="image/jpeg"/>
      <iphoto:thumbnail>file://localhost/Users/minervaoconnor/Desktop/Julkaistut/LoviisanWanhatTalot/Wanhat_Talot_files/Media/Helgas1/thumb.jpg</iphoto:thumbnail>
      <iweb:micro>file://localhost/Users/minervaoconnor/Desktop/Julkaistut/LoviisanWanhatTalot/Wanhat_Talot_files/Media/Helgas1/micro.jpg</iweb:micro>
      <iweb:richTitle>&lt;div style=&quot;padding: 0px; &quot; class=&quot;image_cluster_layout_style_default_External_309_48&quot;&gt;&lt;div class=&quot;image_cluster_layout_style_default&quot;&gt;&lt;p style=&quot;padding-top: 0pt; &quot; class=&quot;Caption&quot;&gt;&lt;br/&gt;&lt;/p&gt;&lt;p style=&quot;padding-bottom: 0pt; &quot; class=&quot;Caption&quot;&gt;SIBELIUKSENKATU 6&lt;/p&gt;&lt;/div&gt;&lt;/div&gt;</iweb:richTitle>
    </item>
    <item>
      <title>
DEGERBYNKATU 6</title>
      <link>file://localhost/Users/minervaoconnor/Desktop/Julkaistut/LoviisanWanhatTalot/Wanhat_Talot.html#12</link>
      <guid isPermaLink="false">02afb81b-287c-4f55-8c51-4f72a8fc2ea5</guid>
      <enclosure url="file://localhost/Users/minervaoconnor/Desktop/Julkaistut/LoviisanWanhatTalot/Wanhat_Talot_files/Media/tynkkynen1/tynkkynen1.jpg" length="139005" type="image/jpeg"/>
      <iphoto:thumbnail>file://localhost/Users/minervaoconnor/Desktop/Julkaistut/LoviisanWanhatTalot/Wanhat_Talot_files/Media/tynkkynen1/thumb.jpg</iphoto:thumbnail>
      <iweb:micro>file://localhost/Users/minervaoconnor/Desktop/Julkaistut/LoviisanWanhatTalot/Wanhat_Talot_files/Media/tynkkynen1/micro.jpg</iweb:micro>
      <iweb:richTitle>&lt;div style=&quot;padding: 0px; &quot; class=&quot;image_cluster_layout_style_default_External_309_48&quot;&gt;&lt;div class=&quot;image_cluster_layout_style_default&quot;&gt;&lt;p style=&quot;padding-top: 0pt; &quot; class=&quot;Caption&quot;&gt;&lt;br/&gt;&lt;/p&gt;&lt;p style=&quot;padding-bottom: 0pt; &quot; class=&quot;Caption&quot;&gt;DEGERBYNKATU 6&lt;/p&gt;&lt;/div&gt;&lt;/div&gt;</iweb:richTitle>
    </item>
    <item>
      <title>
ITÄINEN HARJUTIE 14</title>
      <link>file://localhost/Users/minervaoconnor/Desktop/Julkaistut/LoviisanWanhatTalot/Wanhat_Talot.html#13</link>
      <guid isPermaLink="false">e4f39bc1-95d7-4596-844d-fcd1c2768a3c</guid>
      <enclosure url="file://localhost/Users/minervaoconnor/Desktop/Julkaistut/LoviisanWanhatTalot/Wanhat_Talot_files/Media/VillaHanna1/VillaHanna1.jpg" length="116951" type="image/jpeg"/>
      <iphoto:thumbnail>file://localhost/Users/minervaoconnor/Desktop/Julkaistut/LoviisanWanhatTalot/Wanhat_Talot_files/Media/VillaHanna1/thumb.jpg</iphoto:thumbnail>
      <iweb:micro>file://localhost/Users/minervaoconnor/Desktop/Julkaistut/LoviisanWanhatTalot/Wanhat_Talot_files/Media/VillaHanna1/micro.jpg</iweb:micro>
      <iweb:richTitle>&lt;div style=&quot;padding: 0px; &quot; class=&quot;image_cluster_layout_style_default_External_309_48&quot;&gt;&lt;div class=&quot;image_cluster_layout_style_default&quot;&gt;&lt;p style=&quot;padding-top: 0pt; &quot; class=&quot;Caption&quot;&gt;&lt;br/&gt;&lt;/p&gt;&lt;p style=&quot;padding-bottom: 0pt; &quot; class=&quot;Caption&quot;&gt;ITÄINEN HARJUTIE 14&lt;/p&gt;&lt;/div&gt;&lt;/div&gt;</iweb:richTitle>
    </item>
    <item>
      <title>
KUNINGATTARENKATU 6</title>
      <link>file://localhost/Users/minervaoconnor/Desktop/Julkaistut/LoviisanWanhatTalot/Wanhat_Talot.html#14</link>
      <guid isPermaLink="false">b06632a2-08cd-443b-b689-3325e56c1b1e</guid>
      <enclosure url="file://localhost/Users/minervaoconnor/Desktop/Julkaistut/LoviisanWanhatTalot/Wanhat_Talot_files/Media/Smirnoff1/Smirnoff1.jpg" length="138943" type="image/jpeg"/>
      <iphoto:thumbnail>file://localhost/Users/minervaoconnor/Desktop/Julkaistut/LoviisanWanhatTalot/Wanhat_Talot_files/Media/Smirnoff1/thumb.jpg</iphoto:thumbnail>
      <iweb:micro>file://localhost/Users/minervaoconnor/Desktop/Julkaistut/LoviisanWanhatTalot/Wanhat_Talot_files/Media/Smirnoff1/micro.jpg</iweb:micro>
      <iweb:richTitle>&lt;div style=&quot;padding: 0px; &quot; class=&quot;image_cluster_layout_style_default_External_309_48&quot;&gt;&lt;div class=&quot;image_cluster_layout_style_default&quot;&gt;&lt;p style=&quot;padding-top: 0pt; &quot; class=&quot;Caption&quot;&gt;&lt;br/&gt;&lt;/p&gt;&lt;p style=&quot;padding-bottom: 0pt; &quot; class=&quot;paragraph_style_4&quot;&gt;KUNINGATTARENKATU 6&lt;/p&gt;&lt;/div&gt;&lt;/div&gt;</iweb:richTitle>
    </item>
    <item>
      <title>
PITKÄKUJA 12</title>
      <link>file://localhost/Users/minervaoconnor/Desktop/Julkaistut/LoviisanWanhatTalot/Wanhat_Talot.html#15</link>
      <guid isPermaLink="false">5d3cd298-03dd-45b4-805c-fc14ba7d9b05</guid>
      <enclosure url="file://localhost/Users/minervaoconnor/Desktop/Julkaistut/LoviisanWanhatTalot/Wanhat_Talot_files/Media/VillaAaltonen1/VillaAaltonen1.jpg" length="143593" type="image/jpeg"/>
      <iphoto:thumbnail>file://localhost/Users/minervaoconnor/Desktop/Julkaistut/LoviisanWanhatTalot/Wanhat_Talot_files/Media/VillaAaltonen1/thumb.jpg</iphoto:thumbnail>
      <iweb:micro>file://localhost/Users/minervaoconnor/Desktop/Julkaistut/LoviisanWanhatTalot/Wanhat_Talot_files/Media/VillaAaltonen1/micro.jpg</iweb:micro>
      <iweb:richTitle>&lt;div style=&quot;padding: 0px; &quot; class=&quot;image_cluster_layout_style_default_External_309_48&quot;&gt;&lt;div class=&quot;image_cluster_layout_style_default&quot;&gt;&lt;p style=&quot;padding-top: 0pt; &quot; class=&quot;Caption&quot;&gt;&lt;br/&gt;&lt;/p&gt;&lt;p style=&quot;padding-bottom: 0pt; &quot; class=&quot;Caption&quot;&gt;PITKÄKUJA 12&lt;/p&gt;&lt;/div&gt;&lt;/div&gt;</iweb:richTitle>
    </item>
    <item>
      <title>
MARIANKATU 2 c</title>
      <link>file://localhost/Users/minervaoconnor/Desktop/Julkaistut/LoviisanWanhatTalot/Wanhat_Talot.html#16</link>
      <guid isPermaLink="false">0d6e83fc-a750-4ba6-a2cf-c159f1085c07</guid>
      <enclosure url="file://localhost/Users/minervaoconnor/Desktop/Julkaistut/LoviisanWanhatTalot/Wanhat_Talot_files/Media/Huttuset1/Huttuset1.jpg" length="119994" type="image/jpeg"/>
      <iphoto:thumbnail>file://localhost/Users/minervaoconnor/Desktop/Julkaistut/LoviisanWanhatTalot/Wanhat_Talot_files/Media/Huttuset1/thumb.jpg</iphoto:thumbnail>
      <iweb:micro>file://localhost/Users/minervaoconnor/Desktop/Julkaistut/LoviisanWanhatTalot/Wanhat_Talot_files/Media/Huttuset1/micro.jpg</iweb:micro>
      <iweb:richTitle>&lt;div style=&quot;padding: 0px; &quot; class=&quot;image_cluster_layout_style_default_External_309_48&quot;&gt;&lt;div class=&quot;image_cluster_layout_style_default&quot;&gt;&lt;p style=&quot;padding-top: 0pt; &quot; class=&quot;Caption&quot;&gt;&lt;br/&gt;&lt;/p&gt;&lt;p style=&quot;padding-bottom: 0pt; &quot; class=&quot;Caption&quot;&gt;MARIANKATU 2 c&lt;/p&gt;&lt;/div&gt;&lt;/div&gt;</iweb:richTitle>
    </item>
    <item>
      <title>
MARIANKATU 2 b</title>
      <link>file://localhost/Users/minervaoconnor/Desktop/Julkaistut/LoviisanWanhatTalot/Wanhat_Talot.html#17</link>
      <guid isPermaLink="false">1d9caab8-5fda-4c27-8b1f-12ea70203866</guid>
      <enclosure url="file://localhost/Users/minervaoconnor/Desktop/Julkaistut/LoviisanWanhatTalot/Wanhat_Talot_files/Media/PeunaRanta1/PeunaRanta1.jpg" length="127156" type="image/jpeg"/>
      <iphoto:thumbnail>file://localhost/Users/minervaoconnor/Desktop/Julkaistut/LoviisanWanhatTalot/Wanhat_Talot_files/Media/PeunaRanta1/thumb.jpg</iphoto:thumbnail>
      <iweb:micro>file://localhost/Users/minervaoconnor/Desktop/Julkaistut/LoviisanWanhatTalot/Wanhat_Talot_files/Media/PeunaRanta1/micro.jpg</iweb:micro>
      <iweb:richTitle>&lt;div style=&quot;padding: 0px; &quot; class=&quot;image_cluster_layout_style_default_External_309_48&quot;&gt;&lt;div class=&quot;image_cluster_layout_style_default&quot;&gt;&lt;p style=&quot;padding-top: 0pt; &quot; class=&quot;Caption&quot;&gt;&lt;br/&gt;&lt;/p&gt;&lt;p style=&quot;padding-bottom: 0pt; &quot; class=&quot;Caption&quot;&gt;MARIANKATU 2 b&lt;/p&gt;&lt;/div&gt;&lt;/div&gt;</iweb:richTitle>
    </item>
    <item>
      <title>
MARIANKATU 7</title>
      <link>file://localhost/Users/minervaoconnor/Desktop/Julkaistut/LoviisanWanhatTalot/Wanhat_Talot.html#18</link>
      <guid isPermaLink="false">57d7f03c-f5d9-4187-a6bf-5cb7011830dd</guid>
      <enclosure url="file://localhost/Users/minervaoconnor/Desktop/Julkaistut/LoviisanWanhatTalot/Wanhat_Talot_files/Media/Korpelat1/Korpelat1.jpg" length="138409" type="image/jpeg"/>
      <iphoto:thumbnail>file://localhost/Users/minervaoconnor/Desktop/Julkaistut/LoviisanWanhatTalot/Wanhat_Talot_files/Media/Korpelat1/thumb.jpg</iphoto:thumbnail>
      <iweb:micro>file://localhost/Users/minervaoconnor/Desktop/Julkaistut/LoviisanWanhatTalot/Wanhat_Talot_files/Media/Korpelat1/micro.jpg</iweb:micro>
      <iweb:richTitle>&lt;div style=&quot;padding: 0px; &quot; class=&quot;image_cluster_layout_style_default_External_309_48&quot;&gt;&lt;div class=&quot;image_cluster_layout_style_default&quot;&gt;&lt;p style=&quot;padding-top: 0pt; &quot; class=&quot;Caption&quot;&gt;&lt;br/&gt;&lt;/p&gt;&lt;p style=&quot;padding-bottom: 0pt; &quot; class=&quot;Caption&quot;&gt;MARIANKATU 7&lt;/p&gt;&lt;/div&gt;&lt;/div&gt;</iweb:richTitle>
    </item>
    <item>
      <title>
MARIANKATU 3</title>
      <link>file://localhost/Users/minervaoconnor/Desktop/Julkaistut/LoviisanWanhatTalot/Wanhat_Talot.html#19</link>
      <guid isPermaLink="false">e590458a-5ade-40ab-af30-93562b51d4b7</guid>
      <enclosure url="file://localhost/Users/minervaoconnor/Desktop/Julkaistut/LoviisanWanhatTalot/Wanhat_Talot_files/Media/Kapteenintalo/Kapteenintalo.jpg" length="139481" type="image/jpeg"/>
      <iphoto:thumbnail>file://localhost/Users/minervaoconnor/Desktop/Julkaistut/LoviisanWanhatTalot/Wanhat_Talot_files/Media/Kapteenintalo/thumb.jpg</iphoto:thumbnail>
      <iweb:micro>file://localhost/Users/minervaoconnor/Desktop/Julkaistut/LoviisanWanhatTalot/Wanhat_Talot_files/Media/Kapteenintalo/micro.jpg</iweb:micro>
      <iweb:richTitle>&lt;div style=&quot;padding: 0px; &quot; class=&quot;image_cluster_layout_style_default_External_309_48&quot;&gt;&lt;div class=&quot;image_cluster_layout_style_default&quot;&gt;&lt;p style=&quot;padding-top: 0pt; &quot; class=&quot;Caption&quot;&gt;&lt;br/&gt;&lt;/p&gt;&lt;p style=&quot;padding-bottom: 0pt; &quot; class=&quot;Caption&quot;&gt;MARIANKATU 3&lt;/p&gt;&lt;/div&gt;&lt;/div&gt;</iweb:richTitle>
    </item>
    <item>
      <title>
PUUTARHAKATU 26</title>
      <link>file://localhost/Users/minervaoconnor/Desktop/Julkaistut/LoviisanWanhatTalot/Wanhat_Talot.html#20</link>
      <guid isPermaLink="false">6c19235b-d62a-4a31-b41a-49bb28f873a8</guid>
      <enclosure url="file://localhost/Users/minervaoconnor/Desktop/Julkaistut/LoviisanWanhatTalot/Wanhat_Talot_files/Media/Kyrkan1/Kyrkan1.jpg" length="110671" type="image/jpeg"/>
      <iphoto:thumbnail>file://localhost/Users/minervaoconnor/Desktop/Julkaistut/LoviisanWanhatTalot/Wanhat_Talot_files/Media/Kyrkan1/thumb.jpg</iphoto:thumbnail>
      <iweb:micro>file://localhost/Users/minervaoconnor/Desktop/Julkaistut/LoviisanWanhatTalot/Wanhat_Talot_files/Media/Kyrkan1/micro.jpg</iweb:micro>
      <iweb:richTitle>&lt;div style=&quot;padding: 0px; &quot; class=&quot;image_cluster_layout_style_default_External_309_48&quot;&gt;&lt;div class=&quot;image_cluster_layout_style_default&quot;&gt;&lt;p style=&quot;padding-top: 0pt; &quot; class=&quot;Caption&quot;&gt;&lt;br/&gt;&lt;/p&gt;&lt;p style=&quot;padding-bottom: 0pt; &quot; class=&quot;Caption&quot;&gt;PUUTARHAKATU 26&lt;/p&gt;&lt;/div&gt;&lt;/div&gt;</iweb:richTitle>
    </item>
    <item>
      <title>
PUUTARHAKATU 31</title>
      <link>file://localhost/Users/minervaoconnor/Desktop/Julkaistut/LoviisanWanhatTalot/Wanhat_Talot.html#21</link>
      <guid isPermaLink="false">046f6afb-6309-4448-a967-9878dea559a9</guid>
      <enclosure url="file://localhost/Users/minervaoconnor/Desktop/Julkaistut/LoviisanWanhatTalot/Wanhat_Talot_files/Media/Fagerud1/Fagerud1.jpg" length="114511" type="image/jpeg"/>
      <iphoto:thumbnail>file://localhost/Users/minervaoconnor/Desktop/Julkaistut/LoviisanWanhatTalot/Wanhat_Talot_files/Media/Fagerud1/thumb.jpg</iphoto:thumbnail>
      <iweb:micro>file://localhost/Users/minervaoconnor/Desktop/Julkaistut/LoviisanWanhatTalot/Wanhat_Talot_files/Media/Fagerud1/micro.jpg</iweb:micro>
      <iweb:richTitle>&lt;div style=&quot;padding: 0px; &quot; class=&quot;image_cluster_layout_style_default_External_309_48&quot;&gt;&lt;div class=&quot;image_cluster_layout_style_default&quot;&gt;&lt;p style=&quot;padding-top: 0pt; &quot; class=&quot;Caption&quot;&gt;&lt;br/&gt;&lt;/p&gt;&lt;p style=&quot;padding-bottom: 0pt; &quot; class=&quot;Caption&quot;&gt;PUUTARHAKATU 31&lt;/p&gt;&lt;/div&gt;&lt;/div&gt;</iweb:richTitle>
    </item>
    <item>
      <title>
PUUTARHAKATU 25</title>
      <link>file://localhost/Users/minervaoconnor/Desktop/Julkaistut/LoviisanWanhatTalot/Wanhat_Talot.html#22</link>
      <guid isPermaLink="false">501696fc-fc4b-4a2b-a154-1dc8c3997822</guid>
      <enclosure url="file://localhost/Users/minervaoconnor/Desktop/Julkaistut/LoviisanWanhatTalot/Wanhat_Talot_files/Media/JussiAhti1/JussiAhti1.jpg" length="132857" type="image/jpeg"/>
      <iphoto:thumbnail>file://localhost/Users/minervaoconnor/Desktop/Julkaistut/LoviisanWanhatTalot/Wanhat_Talot_files/Media/JussiAhti1/thumb.jpg</iphoto:thumbnail>
      <iweb:micro>file://localhost/Users/minervaoconnor/Desktop/Julkaistut/LoviisanWanhatTalot/Wanhat_Talot_files/Media/JussiAhti1/micro.jpg</iweb:micro>
      <iweb:richTitle>&lt;div style=&quot;padding: 0px; &quot; class=&quot;image_cluster_layout_style_default_External_309_48&quot;&gt;&lt;div class=&quot;image_cluster_layout_style_default&quot;&gt;&lt;p style=&quot;padding-top: 0pt; &quot; class=&quot;Caption&quot;&gt;&lt;br/&gt;&lt;/p&gt;&lt;p style=&quot;padding-bottom: 0pt; &quot; class=&quot;Caption&quot;&gt;PUUTARHAKATU 25&lt;/p&gt;&lt;/div&gt;&lt;/div&gt;</iweb:richTitle>
    </item>
    <item>
      <title>
PUUTARHAKATU 21</title>
      <link>file://localhost/Users/minervaoconnor/Desktop/Julkaistut/LoviisanWanhatTalot/Wanhat_Talot.html#23</link>
      <guid isPermaLink="false">82d23a20-8c88-4a2e-bd70-ac6239c5ed8a</guid>
      <enclosure url="file://localhost/Users/minervaoconnor/Desktop/Julkaistut/LoviisanWanhatTalot/Wanhat_Talot_files/Media/VAuhkoset/VAuhkoset.jpg" length="119893" type="image/jpeg"/>
      <iphoto:thumbnail>file://localhost/Users/minervaoconnor/Desktop/Julkaistut/LoviisanWanhatTalot/Wanhat_Talot_files/Media/VAuhkoset/thumb.jpg</iphoto:thumbnail>
      <iweb:micro>file://localhost/Users/minervaoconnor/Desktop/Julkaistut/LoviisanWanhatTalot/Wanhat_Talot_files/Media/VAuhkoset/micro.jpg</iweb:micro>
      <iweb:richTitle>&lt;div style=&quot;padding: 0px; &quot; class=&quot;image_cluster_layout_style_default_External_309_48&quot;&gt;&lt;div class=&quot;image_cluster_layout_style_default&quot;&gt;&lt;p style=&quot;padding-top: 0pt; &quot; class=&quot;Caption&quot;&gt;&lt;br/&gt;&lt;/p&gt;&lt;p style=&quot;padding-bottom: 0pt; &quot; class=&quot;Caption&quot;&gt;PUUTARHAKATU 21&lt;/p&gt;&lt;/div&gt;&lt;/div&gt;</iweb:richTitle>
    </item>
    <item>
      <title>
PUUTARHAKATU 13</title>
      <link>file://localhost/Users/minervaoconnor/Desktop/Julkaistut/LoviisanWanhatTalot/Wanhat_Talot.html#24</link>
      <guid isPermaLink="false">24cc9511-5a46-44f1-bd27-36339224a7bf</guid>
      <enclosure url="file://localhost/Users/minervaoconnor/Desktop/Julkaistut/LoviisanWanhatTalot/Wanhat_Talot_files/Media/merimies1/merimies1.jpg" length="115376" type="image/jpeg"/>
      <iphoto:thumbnail>file://localhost/Users/minervaoconnor/Desktop/Julkaistut/LoviisanWanhatTalot/Wanhat_Talot_files/Media/merimies1/thumb.jpg</iphoto:thumbnail>
      <iweb:micro>file://localhost/Users/minervaoconnor/Desktop/Julkaistut/LoviisanWanhatTalot/Wanhat_Talot_files/Media/merimies1/micro.jpg</iweb:micro>
      <iweb:richTitle>&lt;div style=&quot;padding: 0px; &quot; class=&quot;image_cluster_layout_style_default_External_309_48&quot;&gt;&lt;div class=&quot;image_cluster_layout_style_default&quot;&gt;&lt;p style=&quot;padding-top: 0pt; &quot; class=&quot;Caption&quot;&gt;&lt;br/&gt;&lt;/p&gt;&lt;p style=&quot;padding-bottom: 0pt; &quot; class=&quot;Caption&quot;&gt;PUUTARHAKATU 13&lt;/p&gt;&lt;/div&gt;&lt;/div&gt;</iweb:richTitle>
    </item>
    <item>
      <title>
ETELÄHARJU 3 a</title>
      <link>file://localhost/Users/minervaoconnor/Desktop/Julkaistut/LoviisanWanhatTalot/Wanhat_Talot.html#25</link>
      <guid isPermaLink="false">61613bc1-2949-41eb-bc23-2abd4daf0d65</guid>
      <enclosure url="file://localhost/Users/minervaoconnor/Desktop/Julkaistut/LoviisanWanhatTalot/Wanhat_Talot_files/Media/villalindholm1/villalindholm1.jpg" length="134712" type="image/jpeg"/>
      <iphoto:thumbnail>file://localhost/Users/minervaoconnor/Desktop/Julkaistut/LoviisanWanhatTalot/Wanhat_Talot_files/Media/villalindholm1/thumb.jpg</iphoto:thumbnail>
      <iweb:micro>file://localhost/Users/minervaoconnor/Desktop/Julkaistut/LoviisanWanhatTalot/Wanhat_Talot_files/Media/villalindholm1/micro.jpg</iweb:micro>
      <iweb:richTitle>&lt;div style=&quot;padding: 0px; &quot; class=&quot;image_cluster_layout_style_default_External_309_48&quot;&gt;&lt;div class=&quot;image_cluster_layout_style_default&quot;&gt;&lt;p style=&quot;padding-top: 0pt; &quot; class=&quot;Caption&quot;&gt;&lt;br/&gt;&lt;/p&gt;&lt;p style=&quot;padding-bottom: 0pt; &quot; class=&quot;Caption&quot;&gt;ETELÄHARJU 3 a&lt;/p&gt;&lt;/div&gt;&lt;/div&gt;</iweb:richTitle>
    </item>
    <item>
      <title>
YMPYRÄTIE 8</title>
      <link>file://localhost/Users/minervaoconnor/Desktop/Julkaistut/LoviisanWanhatTalot/Wanhat_Talot.html#26</link>
      <guid isPermaLink="false">4d89e8a2-041b-4df9-91e2-0c4fd03fea8c</guid>
      <enclosure url="file://localhost/Users/minervaoconnor/Desktop/Julkaistut/LoviisanWanhatTalot/Wanhat_Talot_files/Media/VillaEkholm1/VillaEkholm1.jpg" length="122266" type="image/jpeg"/>
      <iphoto:thumbnail>file://localhost/Users/minervaoconnor/Desktop/Julkaistut/LoviisanWanhatTalot/Wanhat_Talot_files/Media/VillaEkholm1/thumb.jpg</iphoto:thumbnail>
      <iweb:micro>file://localhost/Users/minervaoconnor/Desktop/Julkaistut/LoviisanWanhatTalot/Wanhat_Talot_files/Media/VillaEkholm1/micro.jpg</iweb:micro>
      <iweb:richTitle>&lt;div style=&quot;padding: 0px; &quot; class=&quot;image_cluster_layout_style_default_External_309_48&quot;&gt;&lt;div class=&quot;image_cluster_layout_style_default&quot;&gt;&lt;p style=&quot;padding-top: 0pt; &quot; class=&quot;Caption&quot;&gt;&lt;br/&gt;&lt;/p&gt;&lt;p style=&quot;padding-bottom: 0pt; &quot; class=&quot;Caption&quot;&gt;YMPYRÄTIE 8&lt;/p&gt;&lt;/div&gt;&lt;/div&gt;</iweb:richTitle>
    </item>
    <item>
      <title>ELIMÄENTIE 74
07960 AHVENKOSKI
</title>
      <link>file://localhost/Users/minervaoconnor/Desktop/Julkaistut/LoviisanWanhatTalot/Wanhat_Talot.html#27</link>
      <guid isPermaLink="false">ef04b40b-f950-4a67-a008-271a60d541ff</guid>
      <enclosure url="file://localhost/Users/minervaoconnor/Desktop/Julkaistut/LoviisanWanhatTalot/Wanhat_Talot_files/Media/EijaKlauke/EijaKlauke.jpg" length="126290" type="image/jpeg"/>
      <iphoto:thumbnail>file://localhost/Users/minervaoconnor/Desktop/Julkaistut/LoviisanWanhatTalot/Wanhat_Talot_files/Media/EijaKlauke/thumb.jpg</iphoto:thumbnail>
      <iweb:micro>file://localhost/Users/minervaoconnor/Desktop/Julkaistut/LoviisanWanhatTalot/Wanhat_Talot_files/Media/EijaKlauke/micro.jpg</iweb:micro>
      <iweb:richTitle>&lt;div style=&quot;padding: 0px; &quot; class=&quot;image_cluster_layout_style_default_External_309_48&quot;&gt;&lt;div class=&quot;image_cluster_layout_style_default&quot;&gt;&lt;p style=&quot;padding-top: 0pt; &quot; class=&quot;Caption&quot;&gt;ELIMÄENTIE 74&lt;br/&gt;&lt;/p&gt;&lt;p class=&quot;Caption&quot;&gt;07960 AHVENKOSKI&lt;br/&gt;&lt;/p&gt;&lt;/div&gt;&lt;/div&gt;</iweb:richTitle>
    </item>
  </channel>
</rss>
