<?xml version="1.0" encoding="UTF-8"?>
<feed xmlns="http://www.w3.org/2005/Atom">
 <id>urn:iweb:79E5DDF0-7E76-4CC6-A700-D3A2DD7602BA</id>
 <title>Page list Atom feed</title>
 <updated>2011-01-26T20:41:15+02:00</updated>
 <link rel="self" href="feed.xml"/>
 <generator>iWeb</generator>
 <author>
  <name>iWeb</name>
 </author>
 <entry>
  <id>urn:iweb:B740F0CC-9372-4695-910C-36B5778B0B6B</id>
  <title>etusivu</title>
  <title xmlns="urn:iweb:">etusivu</title>
  <in-navbar xmlns="urn:iweb:">B740F0CC-9372-4695-910C-36B5778B0B6B</in-navbar>
  <link rel="alternate" href="etusivu.html"/>
  <updated>2011-01-26T20:41:15.001+02:00</updated>
  <content>etusivu</content>
 </entry>
 <entry>
  <id>urn:iweb:F3DFEB70-D2F1-4043-ADA9-96717B6F3535</id>
  <title>ajankohtaista</title>
  <title xmlns="urn:iweb:">ajankohtaista</title>
  <in-navbar xmlns="urn:iweb:">F3DFEB70-D2F1-4043-ADA9-96717B6F3535</in-navbar>
  <link rel="alternate" href="ajankohtaista.html"/>
  <updated>2011-01-26T20:41:15.002+02:00</updated>
  <content>ajankohtaista</content>
 </entry>
 <entry>
  <id>urn:iweb:E4F39EFE-6E63-4CD5-BFB7-521A573E43F8</id>
  <title>Wanhat Talot</title>
  <title xmlns="urn:iweb:">Wanhat Talot</title>
  <in-navbar xmlns="urn:iweb:">E4F39EFE-6E63-4CD5-BFB7-521A573E43F8</in-navbar>
  <link rel="alternate" href="Wanhat_Talot.html"/>
  <updated>2011-01-26T20:41:15.003+02:00</updated>
  <content>Wanhat Talot</content>
 </entry>
 <entry>
  <id>urn:iweb:6836BF81-DD39-43CF-B30F-892BFEED2DB8</id>
  <title>info</title>
  <title xmlns="urn:iweb:">info</title>
  <in-navbar xmlns="urn:iweb:">6836BF81-DD39-43CF-B30F-892BFEED2DB8</in-navbar>
  <link rel="alternate" href="info.html"/>
  <updated>2011-01-26T20:41:15.004+02:00</updated>
  <content>info</content>
 </entry>
 <entry>
  <id>urn:iweb:D4ED942D-367F-4F8E-AE5D-D8C2C7949354</id>
  <title>kartta</title>
  <title xmlns="urn:iweb:">kartta</title>
  <in-navbar xmlns="urn:iweb:">D4ED942D-367F-4F8E-AE5D-D8C2C7949354</in-navbar>
  <link rel="alternate" href="kartta.html"/>
  <updated>2011-01-26T20:41:15.005+02:00</updated>
  <content>kartta</content>
 </entry>
 <entry>
  <id>urn:iweb:9EE4F9C8-C139-425A-A6EC-AD116D3FD45A</id>
  <title>2010 messuliite</title>
  <title xmlns="urn:iweb:">2010 messuliite</title>
  <in-navbar xmlns="urn:iweb:">9EE4F9C8-C139-425A-A6EC-AD116D3FD45A</in-navbar>
  <link rel="alternate" href="2010_messuliite.html"/>
  <updated>2011-01-26T20:41:15.006+02:00</updated>
  <content>2010 messuliite</content>
 </entry>
 <entry>
  <id>urn:iweb:E511C3B6-F782-482D-B49A-352ECBED8C57</id>
  <title>2009 messuliite</title>
  <title xmlns="urn:iweb:">2009 messuliite</title>
  <in-navbar xmlns="urn:iweb:">E511C3B6-F782-482D-B49A-352ECBED8C57</in-navbar>
  <link rel="alternate" href="2009_messuliite.html"/>
  <updated>2011-01-26T20:41:15.007+02:00</updated>
  <content>2009 messuliite</content>
 </entry>
</feed>